<?xml version="1.0" encoding="UTF-8" standalone="no"?>
<registration_data version="1.0">
   <environment>
      <hostname>ARJAIN-WINXP</hostname>
      <hostId/>
      <osName>Windows XP</osName>
      <osVersion>5.1</osVersion>
      <osArchitecture>x86</osArchitecture>
      <systemModel>VMware Virtual Platform</systemModel>
      <systemManufacturer>VMware, Inc.</systemManufacturer>
      <cpuManufacturer>GenuineIntel</cpuManufacturer>
      <serialNumber>VMware-56 4d 50 a3 c1 5b 3a 83-0b 8a b1 85 e5 cc 98 25</serialNumber>
   </environment>
   <registry urn="urn:st:2721490c-938f-4103-a3b4-685762a2c029" version="1.0">
      <service_tag>
         <instance_urn>urn:st:07304f72-7c00-4f17-a6be-301ca1bd17e7</instance_urn>
         <product_name>Java SE 6 Development Kit</product_name>
         <product_version>1.6.0_24</product_version>
         <product_urn>urn:uuid:b58ef9a8-5ae8-11db-a023-080020a9ed93</product_urn>
         <product_parent_urn>urn:uuid:fdc90b21-018d-4cab-b866-612c7c119ed3</product_parent_urn>
         <product_parent>Java Platform Standard Edition 6 (Java SE 6)</product_parent>
         <product_defined_inst_id>id=1.6.0_24-b07 x86,dir=C:\toolchain\win32\jdk-1.6.0_24\jre</product_defined_inst_id>
         <product_vendor>Sun Microsystems</product_vendor>
         <platform_arch>x86</platform_arch>
         <timestamp>2011-02-17 21:05:45 GMT</timestamp>
         <container>global</container>
         <source>Windows JDK i586 installer</source>
         <installer_uid>-1</installer_uid>
      </service_tag>
   </registry>
</registration_data>
