<?xml version="1.0" encoding="UTF-8"?>
<BundleInstanceResponse xmlns="http://ec2.amazonaws.com/doc/2009-04-04/">
  <requestId>string</requestId>
  <bundleInstanceTask>
    <instanceId>string</instanceId>
    <bundleId>string</bundleId>
    <state>string</state>
    <startTime>2008-09-28T18:49:45</startTime>
    <updateTime>2014-09-18T16:18:33</updateTime>
    <storage>
      <S3>
        <bucket>string</bucket>
        <prefix>string</prefix>
        <!--Optional:-->
        <awsAccessKeyId>string</awsAccessKeyId>
        <!--Optional:-->
        <uploadPolicy>string</uploadPolicy>
        <!--Optional:-->
        <uploadPolicySignature>string</uploadPolicySignature>
      </S3>
    </storage>
    <!--Optional:-->
    <progress>string</progress>
    <!--Optional:-->
    <error>
      <code>string</code>
      <message>string</message>
    </error>
  </bundleInstanceTask>
</BundleInstanceResponse>