<?xml version="1.0" encoding="UTF-8"?>
<DescribeReservedInstancesResponse xmlns="http://ec2.amazonaws.com/doc/2009-04-04/">
  <requestId>string</requestId>
  <reservedInstancesSet>
    <!--Zero or more repetitions:-->
    <item>
      <reservedInstancesId>string</reservedInstancesId>
      <instanceType>string</instanceType>
      <availabilityZone>string</availabilityZone>
      <start>2008-09-28T18:49:45</start>
      <duration>10</duration>
      <fixedPrice>1.051732E7</fixedPrice>
      <usagePrice>1.051732E7</usagePrice>
      <instanceCount>100</instanceCount>
      <productDescription>string</productDescription>
      <state>string</state>
    </item>
  </reservedInstancesSet>
</DescribeReservedInstancesResponse>