<?xml version="1.0" encoding="UTF-8"?>
<DescribeReservedInstancesOfferingsResponse xmlns="http://ec2.amazonaws.com/doc/2009-04-04/">
  <requestId>string</requestId>
  <reservedInstancesOfferingsSet>
    <!--Zero or more repetitions:-->
    <item>
      <reservedInstancesOfferingId>string</reservedInstancesOfferingId>
      <instanceType>string</instanceType>
      <availabilityZone>string</availabilityZone>
      <duration>10</duration>
      <fixedPrice>1.051732E7</fixedPrice>
      <usagePrice>1.051732E7</usagePrice>
      <productDescription>string</productDescription>
    </item>
  </reservedInstancesOfferingsSet>
</DescribeReservedInstancesOfferingsResponse>