<?xml version="1.0" encoding="UTF-8"?>
<DescribeVolumesResponse xmlns="http://ec2.amazonaws.com/doc/2009-04-04/">
  <requestId>string</requestId>
  <volumeSet>
    <!--Zero or more repetitions:-->
    <item>
      <volumeId>string</volumeId>
      <size>string</size>
      <snapshotId>string</snapshotId>
      <availabilityZone>string</availabilityZone>
      <status>string</status>
      <createTime>2008-09-28T18:49:45</createTime>
      <attachmentSet>
        <!--Zero or more repetitions:-->
        <item>
          <volumeId>string</volumeId>
          <instanceId>string</instanceId>
          <device>string</device>
          <status>string</status>
          <attachTime>2014-09-18T16:18:33</attachTime>
        </item>
      </attachmentSet>
    </item>
  </volumeSet>
</DescribeVolumesResponse>