<?xml version="1.0" encoding="UTF-8"?>
<DescribeImagesResponse xmlns="http://ec2.amazonaws.com/doc/2009-04-04/">
  <requestId>string</requestId>
  <imagesSet>
    <!--Zero or more repetitions:-->
    <item>
      <imageId>string</imageId>
      <imageLocation>string</imageLocation>
      <imageState>string</imageState>
      <imageOwnerId>string</imageOwnerId>
      <isPublic>true</isPublic>
      <!--Optional:-->
      <productCodes>
        <!--Zero or more repetitions:-->
        <item>
          <productCode>string</productCode>
        </item>
      </productCodes>
      <!--Optional:-->
      <architecture>string</architecture>
      <!--Optional:-->
      <imageType>string</imageType>
      <!--Optional:-->
      <kernelId>string</kernelId>
      <!--Optional:-->
      <ramdiskId>string</ramdiskId>
      <!--Optional:-->
      <platform>string</platform>
    </item>
  </imagesSet>
</DescribeImagesResponse>