<?xml version="1.0" encoding="UTF-8"?>
<DescribeImageAttributeResponse xmlns="http://ec2.amazonaws.com/doc/2009-04-04/">
  <requestId>string</requestId>
  <imageId>string</imageId>
  <!--You have a CHOICE of the next 5 items at this level-->
  <launchPermission>
    <!--Zero or more repetitions:-->
    <item>
      <!--You have a CHOICE of the next 2 items at this level-->
      <userId>string</userId>
      <group>string</group>
    </item>
  </launchPermission>
  <productCodes>
    <!--Zero or more repetitions:-->
    <item>
      <productCode>string</productCode>
    </item>
  </productCodes>
  <kernel>
    <!--Optional:-->
    <value>string</value>
  </kernel>
  <ramdisk>
    <!--Optional:-->
    <value>string</value>
  </ramdisk>
  <blockDeviceMapping>
    <!--Zero or more repetitions:-->
    <item>
      <virtualName>string</virtualName>
      <deviceName>string</deviceName>
    </item>
  </blockDeviceMapping>
</DescribeImageAttributeResponse>