<?xml version="1.0" encoding="UTF-8"?>
<DescribeSecurityGroupsResponse xmlns="http://ec2.amazonaws.com/doc/2009-04-04/">
  <requestId>string</requestId>
  <securityGroupInfo>
    <!--Zero or more repetitions:-->
    <item>
      <ownerId>string</ownerId>
      <groupName>string</groupName>
      <groupDescription>string</groupDescription>
      <ipPermissions>
        <!--Zero or more repetitions:-->
        <item>
          <ipProtocol>string</ipProtocol>
          <fromPort>3</fromPort>
          <toPort>3</toPort>
          <groups>
            <!--Zero or more repetitions:-->
            <item>
              <userId>string</userId>
              <groupName>string</groupName>
            </item>
          </groups>
          <ipRanges>
            <!--Zero or more repetitions:-->
            <item>
              <cidrIp>string</cidrIp>
            </item>
          </ipRanges>
        </item>
      </ipPermissions>
    </item>
  </securityGroupInfo>
</DescribeSecurityGroupsResponse>