<?xml version="1.0" encoding="UTF-8"?>
<DescribeInstancesResponse xmlns="http://ec2.amazonaws.com/doc/2009-04-04/">
  <requestId>string</requestId>
  <reservationSet>
    <!--Zero or more repetitions:-->
    <item>
      <reservationId>string</reservationId>
      <ownerId>string</ownerId>
      <groupSet>
        <!--Zero or more repetitions:-->
        <item>
          <groupId>string</groupId>
        </item>
      </groupSet>
      <instancesSet>
        <!--1 or more repetitions:-->
        <item>
          <instanceId>string</instanceId>
          <imageId>string</imageId>
          <instanceState>
            <code>3</code>
            <name>string</name>
          </instanceState>
          <privateDnsName>string</privateDnsName>
          <dnsName>string</dnsName>
          <!--Optional:-->
          <reason>string</reason>
          <!--Optional:-->
          <keyName>string</keyName>
          <!--Optional:-->
          <amiLaunchIndex>string</amiLaunchIndex>
          <!--Optional:-->
          <productCodes>
            <!--Zero or more repetitions:-->
            <item>
              <productCode>string</productCode>
            </item>
          </productCodes>
          <instanceType>string</instanceType>
          <launchTime>2008-09-28T18:49:45</launchTime>
          <!--Optional:-->
          <placement>
            <availabilityZone>string</availabilityZone>
          </placement>
          <!--Optional:-->
          <kernelId>string</kernelId>
          <!--Optional:-->
          <ramdiskId>string</ramdiskId>
          <!--Optional:-->
          <platform>string</platform>
          <!--Optional:-->
          <monitoring>
            <state>string</state>
          </monitoring>
        </item>
      </instancesSet>
      <!--Optional:-->
      <requesterId>string</requesterId>
    </item>
  </reservationSet>
</DescribeInstancesResponse>