<?xml version="1.0" encoding="UTF-8"?>
<TerminateInstancesResponse xmlns="http://ec2.amazonaws.com/doc/2009-04-04/">
  <requestId>string</requestId>
  <instancesSet>
    <!--Zero or more repetitions:-->
    <item>
      <instanceId>string</instanceId>
      <shutdownState>
        <code>3</code>
        <name>string</name>
      </shutdownState>
      <previousState>
        <code>3</code>
        <name>string</name>
      </previousState>
    </item>
  </instancesSet>
</TerminateInstancesResponse>