<?xml version="1.0" encoding="UTF-8" standalone="no"?>
<registration_data version="1.0">
   <environment>
      <hostname>stig</hostname>
      <hostId/>
      <osName>Windows 7</osName>
      <osVersion>6.1</osVersion>
      <osArchitecture>x86</osArchitecture>
      <systemModel>XPS 630i</systemModel>
      <systemManufacturer>Dell Inc</systemManufacturer>
      <cpuManufacturer>GenuineIntel</cpuManufacturer>
      <serialNumber>1TNBDH1</serialNumber>
   </environment>
   <registry urn="urn:st:55431e97-e42e-4023-ae9c-9d0e935f264d" version="1.0">
      <service_tag>
         <instance_urn>urn:st:a12ea0dd-d0c4-47a5-a4a8-0327a49ca363</instance_urn>
         <product_name>Java SE 6 Development Kit</product_name>
         <product_version>1.6.0_21</product_version>
         <product_urn>urn:uuid:b58ef9a8-5ae8-11db-a023-080020a9ed93</product_urn>
         <product_parent_urn>urn:uuid:fdc90b21-018d-4cab-b866-612c7c119ed3</product_parent_urn>
         <product_parent>Java Platform Standard Edition 6 (Java SE 6)</product_parent>
         <product_defined_inst_id>id=1.6.0_21-b07 x86,dir=C:\Program Files (x86)\Java\jdk1.6.0_21\jre</product_defined_inst_id>
         <product_vendor>Sun Microsystems</product_vendor>
         <platform_arch>x86</platform_arch>
         <timestamp>2010-07-27 22:46:15 GMT</timestamp>
         <container>global</container>
         <source>Windows JDK i586 installer</source>
         <installer_uid>-1</installer_uid>
      </service_tag>
   </registry>
</registration_data>
